{"epsilon": 0.08892161745938634, "reward": 200.0, "_step": 605, "_runtime": 189719, "_timestamp": 1603736488, "loss": 45.19039535522461}