{"epsilon": 0.33175434267307696, "reward": 200, "_step": 499, "_runtime": 904, "_timestamp": 1603470040, "loss": 0.03547535091638565}