{"epsilon": 0.2307719603704606, "reward": 21, "_step": 1556, "_runtime": 8921, "_timestamp": 1603444086, "loss": 0.08447975665330887}