{"epsilon": 0.33175434267307696, "reward": 26, "_step": 513, "_runtime": 2684, "_timestamp": 1603469130, "loss": 1.7278586626052856}