{"epsilon": 0.4035880838232986, "reward": 149, "_step": 401, "_runtime": 1304, "_timestamp": 1603465296, "loss": 0.05493558570742607}