{"epsilon": 0.9685065820791976, "reward": 40.0, "_step": 8, "_runtime": 533, "_timestamp": 1603807305, "loss": 0.02240583673119545}