{"epsilon": 0.11539889323279336, "reward": 200, "_step": 1027, "_runtime": 19204, "_timestamp": 1603463315, "loss": 5.854004383087158}