{"epsilon": 0.33175434267307696, "reward": 17, "_step": 499, "_runtime": 355, "_timestamp": 1603538347, "loss": 2.859361171722412}