{"epsilon": 0.018389048164962566, "loss": 0.042518071830272675, "reward": 200.0, "_step": 999, "_runtime": 5773, "_timestamp": 1603805161}