{"epsilon": 0.33175434267307696, "reward": 50, "_step": 499, "_runtime": 1008, "_timestamp": 1603466316, "loss": 0.09269256144762039}