{"epsilon": 0.22823958907213449, "reward": 200.0, "_step": 502, "_runtime": 1402, "_timestamp": 1603546764, "loss": 0.03632792830467224}