{"epsilon": 0.30804362280309594, "reward": 25.0, "_step": 416, "_runtime": 266, "_timestamp": 1603540015, "loss": 0.0005041863187216222}