{"epsilon": 0.018389048164962566, "reward": 13.0, "_step": 1019, "_runtime": 56262, "_timestamp": 1603792753, "loss": 33.634830474853516}