{"epsilon": 0.2938277381058781, "reward": 200.0, "_step": 544, "_runtime": 1665, "_timestamp": 1603545358, "loss": 0.05155741423368454}