{"epsilon": 0.018389048164962566, "loss": 0.05259748920798302, "reward": 188.0, "_step": 999, "_runtime": 4959, "_timestamp": 1603797716}