{"epsilon": 0.12817594445747713, "reward": 9.0, "_step": 999, "_runtime": 397, "_timestamp": 1603540416, "loss": 0.016055960208177567}