{"epsilon": 0.26712255953594943, "reward": 200.0, "_step": 738, "_runtime": 2724, "_timestamp": 1603543683, "loss": 0.09311337023973465}