{"epsilon": 0.026675759762683132, "reward": 200.0, "_step": 906, "_runtime": 10345, "_timestamp": 1603817967, "loss": 0.05022245645523071}