{"epsilon": 0.018389048164962566, "reward": 16.0, "_step": 1009, "_runtime": 53769, "_timestamp": 1603871840, "loss": 94.91670227050781}