{"epsilon": 0.8159840133785289, "reward": 9, "_step": 60, "_runtime": 106, "_timestamp": 1603463985, "loss": 0.31351757049560547}