{"epsilon": 0.7665600003064346, "reward": 18.0, "_step": 152, "_runtime": 169, "_timestamp": 1603540954, "loss": 0.00023009984579402953}